{
    "providers": [
      {
        "type": "bitmap",
        "file": "minecraft:badges/gold_medal.png",
        "height": 6,
        "ascent": 5,
        "chars": ["\uE001"]
      },

      {
        "type": "bitmap",
        "file": "minecraft:badges/blue_flower_medal.png",
        "height": 6,
        "ascent": 5,
        "chars": ["\uE002"]
      },

      {
        "type": "bitmap",
        "file": "minecraft:badges/trusted.png",
        "height": 6,
        "ascent": 5,
        "chars": ["\uE003"]
    }     
    ]
  }
  